"","Date","Flow","Flux","Std.Err","SEP","L90","U90"
"1",2017-10-01,75.7,0.000401859576943766,0.000198337537494559,0.000508351779635295,4.41297974183584e-05,0.00140736386960108
"2",2017-10-02,75.4,0.000398977533077705,0.000197226788289078,0.000504827685036463,4.37950356672512e-05,0.00139743882647033
"3",2017-10-03,75,0.000395148949351159,0.000195748667542932,0.000500145433859337,4.33504582420176e-05,0.00138425302396011
"4",2017-10-04,75.1,0.00039610457912919,0.00019611788901311,0.000501314223213619,4.34614126558146e-05,0.00138754437253109
"5",2017-10-05,74.8,0.000393240724110124,0.0001950108427177,0.0004978114042855,4.31289295617488e-05,0.00137768053756772
"6",2017-10-06,75.9,0.000403785985042965,0.000199079063212078,0.000510707078156644,4.43536039727214e-05,0.00141399754436987
"7",2017-10-07,80.4,0.000448191547095919,0.000215978565275572,0.000564943147816066,4.95221774809303e-05,0.00156682737614999
"8",2017-10-08,80.1,0.000445168241474261,0.000214839207203921,0.000561253759104261,4.91697258291125e-05,0.00155642688983453
"9",2017-10-09,80.4,0.000448191547095919,0.000215978565275572,0.000564943147816066,4.95221774809303e-05,0.00156682737614999
"10",2017-10-10,83.8,0.000483078863394045,0.000229016767636466,0.000607485782086296,5.35946249616995e-05,0.00168679747426668
"11",2017-10-11,86.2,0.000508390512343585,0.000238357834032288,0.000638318395758042,5.65550337031215e-05,0.00177378960905812
"12",2017-10-12,83.8,0.000483078863394045,0.000229016767636466,0.000607485782086296,5.35946249616995e-05,0.00168679747426668
"13",2017-10-13,83.1,0.000475802841454671,0.000226313663738937,0.000598617717130401,5.27444999488158e-05,0.00166178350662845
"14",2017-10-14,85.4,0.000499890594522322,0.000235231576594614,0.000627967414780056,5.55603884615384e-05,0.00174458109783585
"15",2017-10-15,109,0.000776384823965799,0.000332599289653097,0.000963515939367591,8.81173084378612e-05,0.00269297956263302
"16",2017-10-16,108,0.00076360825741841,0.000328261479432619,0.000948052454678238,8.66055369240687e-05,0.00264921744728723
"17",2017-10-17,111,0.000802213550955875,0.000341330288480023,0.00099476690019672,9.11751437980537e-05,0.00278143345420186
"18",2017-10-18,94.4,0.000599092964582667,0.000271117348743325,0.000748609405867022,6.71973983982196e-05,0.00208522888078727
"19",2017-10-19,87.5,0.000522336123206206,0.000243464680865339,0.00065529483854102,5.81879938152448e-05,0.00182170214759673
"20",2017-10-20,87.7,0.000524496211250839,0.000244253272892824,0.000657923716161324,5.84410450275011e-05,0.00182912250809447
"21",2017-10-21,86.8,0.000514806477012515,0.00024071074311663,0.000646129693066851,5.73061480079695e-05,0.0017958341485757
"22",2017-10-22,86.2,0.000508390512343585,0.000238357834032288,0.000638318395758042,5.65550337031215e-05,0.00177378960905812
"23",2017-10-23,87.4,0.000521257538429029,0.000243070676749326,0.000653982109558044,5.80616506406493e-05,0.00181799688183155
"24",2017-10-24,87.6,0.000523415680907494,0.000243858879603434,0.000656608707513399,5.83144586233914e-05,0.00182541068999341
"25",2017-10-25,88,0.000527743635318112,0.000245437619365074,0.000661875577026109,5.88215334403692e-05,0.00184027760737072
"26",2017-10-26,88.4,0.000532087134014919,0.00024701946746712,0.000667160661336173,5.93305513947891e-05,0.00185519687689965
"27",2017-10-27,88.8,0.000536446159095069,0.000248604419494385,0.000672463940530413,5.98415100986627e-05,0.00187016843974616
"28",2017-10-28,89.6,0.000545210717244354,0.000251783618012352,0.000683125004445566,6.08692402564365e-05,0.00190026821158112
"29",2017-10-29,89.9,0.000548513390875194,0.000252979006954483,0.000687141614348522,6.12566341536959e-05,0.00191160939824319
"30",2017-10-30,90.2,0.000551824760779295,0.000254176132886087,0.000691168417391652,6.16451147385523e-05,0.00192297987730521
"31",2017-10-31,202,0.00234222732324307,0.000816401261727915,0.00284763484368915,0.000275356070071499,0.00803971420626258
"32",2017-11-01,621,0.01692339767098,0.00540959141675378,0.0204402664795494,0.00201195314025901,0.057893889640656
"33",2017-11-02,853,0.0293724905437456,0.0100202223247013,0.0356486810481653,0.00346329357540689,0.100731789461424
"34",2017-11-03,850,0.0291938268946064,0.00995035340141454,0.0354293353440469,0.003442642372181,0.1001154374992
"35",2017-11-04,664,0.0190157486494587,0.00614482567750956,0.0229850961892525,0.00225774904714113,0.0650774199465836
"36",2017-11-05,271,0.00394556342293718,0.00128369450204414,0.0047714960689075,0.000468068499321889,0.0135062644832807
"37",2017-11-06,52.6,0.000207260305082511,0.000118500559497773,0.000268921786333394,2.17781678284551e-05,0.000735030217109827
"38",2017-11-07,41.7,0.000135540819934978,8.5240269215399e-05,0.000179412890689767,1.37525776448465e-05,0.000485385382212219
"39",2017-11-08,41.7,0.000135540819934978,8.5240269215399e-05,0.000179412890689767,1.37525776448465e-05,0.000485385382212219
"40",2017-11-09,42.4,0.000139739650512524,8.72806268857262e-05,0.000184686380328708,1.4216991931873e-05,0.000500049108902401
"41",2017-11-10,67.3,0.000324628713165324,0.000167946562908269,0.000413730480787601,3.51908670689768e-05,0.00114112586643047
"42",2017-11-11,87.3,0.000520179926858369,0.000242676867326469,0.000652670520878749,5.79354291372354e-05,0.00181429489362623
"43",2017-11-12,126,0.00100748038554211,0.000409151198524711,0.00124274180540954,0.000115544208340107,0.00348382228264688
"44",2017-11-13,444,0.00941490948737398,0.00292765094193582,0.0113500466981215,0.00112288822224486,0.0321766285327872
"45",2017-11-14,569,0.0145299208499725,0.00459083876384089,0.0175352701527526,0.00172977033431629,0.0496853595248736
"46",2017-11-15,415,0.00836272802256979,0.00260099043839054,0.0100817356038199,0.000997374905665748,0.0285808646821272
"47",2017-11-16,1900,0.116298285181368,0.0518094952554146,0.145027735839279,0.0130903929213068,0.40437821219215
"48",2017-11-17,1599,0.0866268759668267,0.0361627555789126,0.107182981552204,0.00988290170356863,0.300017178484761
"49",2017-11-18,797,0.026111927480201,0.00876088527490138,0.0316504047048511,0.00308564234454791,0.0894903392311289
"50",2017-11-19,712,0.0214694761163582,0.00702882989240198,0.0259755168593716,0.00254499060752961,0.0735104407385374
"51",2017-11-20,700,0.0208445143719036,0.00680151822698307,0.0252132523788698,0.00247193109270671,0.0713616788112435
"52",2017-11-21,697,0.0206894687274061,0.00674534982289601,0.025024207222017,0.0024537953535942,0.0708286885546256
"53",2017-11-22,698,0.0207410973911975,0.00676404335229873,0.0250871545637187,0.00245983484225608,0.0710061649398618
"54",2017-11-23,698,0.0207410973911975,0.00676404335229873,0.0250871545637187,0.00245983484225608,0.0710061649398618
"55",2017-11-24,697,0.0206894687274061,0.00674534982289601,0.025024207222017,0.0024537953535942,0.0708286885546256
"56",2017-11-25,698,0.0207410973911975,0.00676404335229873,0.0250871545637187,0.00245983484225608,0.0710061649398618
"57",2017-11-26,698,0.0207410973911975,0.00676404335229873,0.0250871545637187,0.00245983484225608,0.0710061649398618
"58",2017-11-27,704,0.0210519862482539,0.00687681947937585,0.0254662598603549,0.00249619257672734,0.0720749488082486
"59",2017-11-28,702,0.0209481440572121,0.0068391102466114,0.0253396208752937,0.00248405034792687,0.0717179403049528
"60",2017-11-29,703,0.0210000386019187,0.00685795020710446,0.0254029065687561,0.00249011859257488,0.0718963512186134
"61",2017-11-30,703,0.0210000386019187,0.00685795020710446,0.0254029065687561,0.00249011859257488,0.0718963512186134
"62",2017-12-01,704,0.0210519862482539,0.00687681947937585,0.0254662598603549,0.00249619257672734,0.0720749488082486
"63",2017-12-02,704,0.0210519862482539,0.00687681947937585,0.0254662598603549,0.00249619257672734,0.0720749488082486
"64",2017-12-03,706,0.0211560407468479,0.00691464599308855,0.0255931691421383,0.0025083577480216,0.0724327037105709
"65",2017-12-04,713,0.0215219005686456,0.00704796334878083,0.0260394774610203,0.00255111607326646,0.0736907149967797
"66",2017-12-05,729,0.0223678637779696,0.00735810196724329,0.0270719922147719,0.00264989627332282,0.0766003375483004
"67",2017-12-06,712,0.0214694761163582,0.00702882989240198,0.0259755168593716,0.00254499060752961,0.0735104407385374
"68",2017-12-07,704,0.0210519862482539,0.00687681947937585,0.0254662598603549,0.00249619257672734,0.0720749488082486
"69",2017-12-08,705,0.0211039869714665,0.00689571807189021,0.0255296807261231,0.00250227229650165,0.0722537329976065
"70",2017-12-09,702,0.0209481440572121,0.0068391102466114,0.0253396208752937,0.00248405034792687,0.0717179403049528
"71",2017-12-10,701,0.020896302638928,0.00682029958940825,0.0252764028039793,0.00247798784667234,0.0715397161436548
"72",2017-12-11,700,0.0208445143719036,0.00680151822698307,0.0252132523788698,0.00247193109270671,0.0713616788112435
"73",2017-12-12,699,0.020792779281019,0.0067827661507998,0.0251501696240672,0.00246588008993185,0.0711838283843798
"74",2017-12-13,700,0.0208445143719036,0.00680151822698307,0.0252132523788698,0.00247193109270671,0.0713616788112435
"75",2017-12-14,699,0.020792779281019,0.0067827661507998,0.0251501696240672,0.00246588008993185,0.0711838283843798
"76",2017-12-15,699,0.020792779281019,0.0067827661507998,0.0251501696240672,0.00246588008993185,0.0711838283843798
"77",2017-12-16,698,0.0207410973911975,0.00676404335229873,0.0250871545637187,0.00245983484225608,0.0710061649398618
"78",2017-12-17,697,0.0206894687274061,0.00674534982289601,0.025024207222017,0.0024537953535942,0.0708286885546256
"79",2017-12-18,698,0.0207410973911975,0.00676404335229873,0.0250871545637187,0.00245983484225608,0.0710061649398618
"80",2017-12-19,698,0.0207410973911975,0.00676404335229873,0.0250871545637187,0.00245983484225608,0.0710061649398618
"81",2017-12-20,698,0.0207410973911975,0.00676404335229873,0.0250871545637187,0.00245983484225608,0.0710061649398618
"82",2017-12-21,695,0.0205863711779983,0.00670805053692933,0.0248985157915528,0.00244173366900383,0.0704742972704317
"83",2017-12-22,693,0.020483486833403,0.00667086822374472,0.0247730955271303,0.00242969506760942,0.0701206551500546
"84",2017-12-23,689,0.0202783585645996,0.00659685423714564,0.0245230692779196,0.0024056872407283,0.0694156208849405
"85",2017-12-24,688,0.020227210065812,0.00657842373934213,0.0244607325002791,0.0023996997604359,0.0692398315182792
"86",2017-12-25,686,0.0201250735280344,0.00654165028063178,0.0243362628590151,0.00238774219940581,0.0688888163723573
"87",2017-12-26,690,0.0203295605160937,0.0066153139256956,0.0245854739940098,0.00241168051556252,0.0695915980095725
"88",2017-12-27,598,0.0158460578040611,0.00503803084975161,0.0191318662868805,0.00188507486182717,0.0541979174389141
"89",2017-12-28,527,0.0127088014488953,0.0039847208432645,0.0153294584830629,0.001514313362489,0.0434463138917898
"90",2017-12-29,519,0.0123734991679073,0.00387477154292955,0.0149237623764714,0.00147457078057342,0.0422982227292252
"91",2017-12-30,518,0.0123318495275846,0.00386115058010233,0.014873378309802,0.00146963254528045,0.0421556262886964
"92",2017-12-31,517,0.012290258482729,0.00384755683436702,0.0148230672384343,0.00146470090327742,0.0420132335414301
"93",2018-01-01,515,0.0122072523230259,0.00382045093416749,0.0147226642245825,0.00145485742124825,0.041729059573834
"94",2018-01-02,519,0.0123734991679073,0.00387477154292955,0.0149237623764714,0.00147457078057342,0.0422982227292252
"95",2018-01-03,423,0.00864775687628439,0.00268895062456377,0.0104251758131383,0.00103139860373636,0.0295547332404777
"96",2018-01-04,316,0.00517624350361846,0.00164322325511668,0.00624892418369062,0.000615884853199693,0.0177032346779654
"97",2018-01-05,324,0.00540967190152787,0.00171192625651179,0.00652930839729438,0.000643896586234902,0.0184995142702844
"98",2018-01-06,326,0.00546870744643115,0.00172933305066787,0.00660022821122765,0.00065097946899488,0.0187009113250826
"99",2018-01-07,326,0.00546870744643115,0.00172933305066787,0.00660022821122765,0.00065097946899488,0.0187009113250826
"100",2018-01-08,328,0.00552801336454499,0.00174683270580784,0.00667147649325115,0.000658094181599023,0.01890323606655
"101",2018-01-09,336,0.00576793089995428,0.00181776431476275,0.00695974413754806,0.000686869856258818,0.0197217807236641
"102",2018-01-10,324,0.00540967190152787,0.00171192625651179,0.00652930839729438,0.000643896586234902,0.0184995142702844
"103",2018-01-11,324,0.00540967190152787,0.00171192625651179,0.00652930839729438,0.000643896586234902,0.0184995142702844
"104",2018-01-12,455,0.00982760151786012,0.00305724205902162,0.0118478885830919,0.00117205407327431,0.0335875299771753
"105",2018-01-13,550,0.0136935093681276,0.00431060060328763,0.0165216832165133,0.00163089675843909,0.0468191467396875
"106",2018-01-14,548,0.013606669404703,0.00428168453209579,0.0164164958046271,0.00162062328273207,0.0465216332434764
"107",2018-01-15,547,0.0135633357406114,0.00426726797012541,0.0163640100268826,0.00161549619180724,0.0463731771342879
"108",2018-01-16,549,0.0136500606250264,0.00429612873863663,0.0164690535455517,0.00162575680666572,0.0466702898132632
"109",2018-01-17,549,0.0136500606250264,0.00429612873863663,0.0164690535455517,0.00162575680666572,0.0466702898132632
"110",2018-01-18,640,0.0178354511667113,0.00572790910541801,0.021548957209518,0.00211919469546218,0.0610243145266023
"111",2018-01-19,699,0.020792779281019,0.0067827661507998,0.0251501696240672,0.00246588008993185,0.0711838283843798
"112",2018-01-20,697,0.0206894687274061,0.00674534982289601,0.025024207222017,0.0024537953535942,0.0708286885546256
"113",2018-01-21,697,0.0206894687274061,0.00674534982289601,0.025024207222017,0.0024537953535942,0.0708286885546256
"114",2018-01-22,698,0.0207410973911975,0.00676404335229873,0.0250871545637187,0.00245983484225608,0.0710061649398618
"115",2018-01-23,696,0.020637893314655,0.00672668555398358,0.0249613276232004,0.00244776162786752,0.0706513993057447
"116",2018-01-24,699,0.020792779281019,0.0067827661507998,0.0251501696240672,0.00246588008993185,0.0711838283843798
"117",2018-01-25,684,0.020023151106567,0.0065049934786272,0.0242120652680248,0.00237580786439798,0.0685385532002126
"118",2018-01-26,700,0.0208445143719036,0.00680151822698307,0.0252132523788698,0.00247193109270671,0.0713616788112435
"119",2018-01-27,698,0.0207410973911975,0.00676404335229873,0.0250871545637187,0.00245983484225608,0.0710061649398618
"120",2018-01-28,698,0.0207410973911975,0.00676404335229873,0.0250871545637187,0.00245983484225608,0.0710061649398618
"121",2018-01-29,697,0.0206894687274061,0.00674534982289601,0.025024207222017,0.0024537953535942,0.0708286885546256
"122",2018-01-30,695,0.0205863711779983,0.00670805053692933,0.0248985157915528,0.00244173366900383,0.0704742972704317
"123",2018-01-31,399,0.00780475290853993,0.00242993162792584,0.0094097064961155,0.000930720604004832,0.0266748377875619
"124",2018-02-01,87,0.000516952934215022,0.000241496607931725,0.00064874259981207,5.7557495031034e-05,0.00180320860367132
"125",2018-02-02,34.8,9.72380880580214e-05,6.58928757067275e-05,0.000131031081761128,9.56060217384389e-06,0.000351221204365463
"126",2018-02-03,34.7,9.67247914660566e-05,6.56231259340096e-05,0.000130378683844055,9.50507037590385e-06,0.000349417465247947
"127",2018-02-04,35.7,0.000101912176599215,6.83347897036017e-05,0.000136966166226362,1.00671755511019e-05,0.000367637963891347
"128",2018-02-05,35.6,0.00010138800531068,6.80622135621534e-05,0.000136301078518956,1.00102873301842e-05,0.000365797634668747
"129",2018-02-06,31.4,8.04707623287572e-05,5.69028272678059e-05,0.000109648760492657,7.75783095029181e-06,0.000292198592066888
"130",2018-02-07,29.1,6.99384274053319e-05,5.10413768379837e-05,9.61302325096117e-05,6.63908679487148e-06,0.000254999320391082
"131",2018-02-08,29,6.94955351300272e-05,5.07907244701771e-05,9.55600308165139e-05,6.59231208881493e-06,0.000253432597180115
"132",2018-02-09,29.2,7.0382579323503e-05,5.12923842771961e-05,9.67019056481934e-05,6.68601772794585e-06,0.000256570286584492
"133",2018-02-10,28.8,6.8613533247224e-05,5.02904881359843e-05,9.44240462867622e-05,6.49923174397201e-06,0.000250311892723327
"134",2018-02-11,29.2,7.0382579323503e-05,5.12923842771961e-05,9.67019056481934e-05,6.68601772794585e-06,0.000256570286584492
"135",2018-02-12,28.7,6.81744255178415e-05,5.00409057749281e-05,9.38582657214121e-05,6.45292629880906e-06,0.000248757918018362
"136",2018-02-13,25,5.2823874431686e-05,4.10654827431764e-05,7.39720436304767e-05,4.85056111733205e-06,0.000194281752139338
"137",2018-02-14,29,6.94955351300272e-05,5.07907244701771e-05,9.55600308165139e-05,6.59231208881493e-06,0.000253432597180115
"138",2018-02-15,30,7.39810308401374e-05,5.33131323974294e-05,0.000101328128791787,7.06707785252153e-06,0.000269290377479217
"139",2018-02-16,27.2,6.17399546361621e-05,4.63406293808351e-05,8.5549326822141e-05,5.77719321509004e-06,0.000225960899081145
"140",2018-02-17,27.2,6.17399546361621e-05,4.63406293808351e-05,8.5549326822141e-05,5.77719321509004e-06,0.000225960899081145
"141",2018-02-18,27.2,6.17399546361621e-05,4.63406293808351e-05,8.5549326822141e-05,5.77719321509004e-06,0.000225960899081145
"142",2018-02-19,27.2,6.17399546361621e-05,4.63406293808351e-05,8.5549326822141e-05,5.77719321509004e-06,0.000225960899081145
"143",2018-02-20,27.2,6.17399546361621e-05,4.63406293808351e-05,8.5549326822141e-05,5.77719321509004e-06,0.000225960899081145
"144",2018-02-21,27.2,6.17399546361621e-05,4.63406293808351e-05,8.5549326822141e-05,5.77719321509004e-06,0.000225960899081145
"145",2018-02-22,27.2,6.17399546361621e-05,4.63406293808351e-05,8.5549326822141e-05,5.77719321509004e-06,0.000225960899081145
"146",2018-02-23,27.2,6.17399546361621e-05,4.63406293808351e-05,8.5549326822141e-05,5.77719321509004e-06,0.000225960899081145
"147",2018-02-24,27.2,6.17399546361621e-05,4.63406293808351e-05,8.5549326822141e-05,5.77719321509004e-06,0.000225960899081145
"148",2018-02-25,27.2,6.17399546361621e-05,4.63406293808351e-05,8.5549326822141e-05,5.77719321509004e-06,0.000225960899081145
"149",2018-02-26,28,6.51360999039144e-05,4.83039071053558e-05,8.99391939982409e-05,6.13317884698648e-06,0.000237999450767666
"150",2018-02-27,28.2,6.59978568641726e-05,4.87983845663224e-05,9.10515257293011e-05,6.22375023664483e-06,0.000241051951712617
"151",2018-02-28,167,0.00166844762575912,0.000615490647686301,0.00203845636185809,0.000194507520130942,0.00574137168465527
"152",2018-03-01,689,0.0202783585645996,0.00659685423714564,0.0245230692779196,0.0024056872407283,0.0694156208849405
"153",2018-03-02,695,0.0205863711779983,0.00670805053692933,0.0248985157915528,0.00244173366900383,0.0704742972704317
"154",2018-03-03,692,0.0204321246757921,0.00665232091022801,0.0247104871431533,0.00242368443296708,0.0699441152201117
"155",2018-03-04,689,0.0202783585645996,0.00659685423714564,0.0245230692779196,0.0024056872407283,0.0694156208849405
"156",2018-03-05,575,0.014798326469324,0.00468142482710189,0.0178607068725783,0.00176146969713412,0.0506053864301265
"157",2018-03-06,482,0.0108717715270394,0.00338880267461352,0.0131084503888236,0.00129629095179787,0.0371587003802364
"158",2018-03-07,281,0.0042067884950885,0.00135971201573581,0.00508499736162243,0.00049946002998061,0.0143969751804794
"159",2018-03-08,76.4,0.000408619645317793,0.000200936462924181,0.000516615960227978,4.49153300214423e-05,0.00143064109524464
"160",2018-03-09,75.9,0.000403785985042965,0.000199079063212078,0.000510707078156644,4.43536039727214e-05,0.00141399754436987
"161",2018-03-10,76,0.000404750701755114,0.000199450133612215,0.000511886496938325,4.44656967359736e-05,0.0014173194722744
"162",2018-03-11,76,0.000404750701755114,0.000199450133612215,0.000511886496938325,4.44656967359736e-05,0.0014173194722744
"163",2018-03-12,76,0.000404750701755114,0.000199450133612215,0.000511886496938325,4.44656967359736e-05,0.0014173194722744
"164",2018-03-13,91.7,0.000568511797066901,0.000260187757591214,0.000711455043880982,6.36037835535397e-05,0.00198027081364178
"165",2018-03-14,184,0.00198350759623438,0.000710165534125108,0.00241696691787987,0.000232286979817507,0.00681628928937374
"166",2018-03-15,892,0.0317357176983981,0.0109534404087619,0.0385527683303395,0.00373600380409066,0.108888380768817
"167",2018-03-16,1411,0.0699217916101611,0.0278964843831128,0.086086333648284,0.00804514970837286,0.241553866514826
"168",2018-03-17,1092,0.0450052072145,0.0164760767543382,0.0549479150839225,0.00525290711675469,0.154814764511961
"169",2018-03-18,851,0.0292533316078386,0.00997361269010569,0.0355023861120285,0.00344952088203206,0.100320711501957
"170",2018-03-19,747,0.023335624170731,0.00771604384356572,0.0282540656391578,0.00276274930037566,0.0799301783046387
"171",2018-03-20,709,0.0213125201395587,0.00697160581284785,0.0257840394531118,0.00252664845438816,0.0729707342319616
"172",2018-03-21,1764,0.102457203692625,0.0443699539820084,0.127318069428377,0.0116025746644504,0.355618634401091
"173",2018-03-22,8116,1.3335552765374,1.07301703232058,1.88784422451721,0.120094815251086,4.92934806810954
"174",2018-03-23,4233,0.450774546083687,0.276940552186506,0.593599379535816,0.0461554302552105,1.61022066525262
"175",2018-03-24,2124,0.140604536228822,0.0654021107294648,0.176344899670467,0.0156709397727353,0.490303285033415
"176",2018-03-25,1690,0.0952251746352217,0.0405785071361235,0.118102979816004,0.0108194373546691,0.330194471995302
"177",2018-03-26,1457,0.073875002493249,0.0298129203460898,0.091063944665117,0.00848233545466254,0.255368250713532
"178",2018-03-27,1302,0.0609100776130073,0.0236281587015479,0.0747759279925605,0.00704286909481351,0.210114043504084
"179",2018-03-28,1120,0.0470119247388769,0.0173489017866979,0.0574395481968929,0.00548034234283487,0.161777582430622
"180",2018-03-29,1028,0.0405537699415651,0.0145734938659788,0.0494318944393534,0.00474662218262796,0.139385175242123
"181",2018-03-30,964,0.0362938664331672,0.0127987112193891,0.0441681015472022,0.00425973006970344,0.124640750915337
"182",2018-03-31,920,0.0334784794341128,0.0116521057416908,0.0406975982647742,0.00393659149600552,0.114908074222236
"183",2018-04-01,900,0.0322297423032289,0.011150607857328,0.0391604948509409,0.00379290924931741,0.110594404321249
"184",2018-04-02,900,0.0322297423032289,0.011150607857328,0.0391604948509409,0.00379290924931741,0.110594404321249
"185",2018-04-03,940,0.0347466379537118,0.0121658920707432,0.0422600033305359,0.00408228202865548,0.119290836895791
"186",2018-04-04,1075,0.0438043399674384,0.0159581802236891,0.0534583316579537,0.00511657004846895,0.15065014170387
"187",2018-04-05,1124,0.0473015113557068,0.0174756080979656,0.0577993628562331,0.00551312327202871,0.162782733637983
"188",2018-04-06,1364,0.0659741741161207,0.0260090670714908,0.0811253935393721,0.0076070893954552,0.227772554514054
"189",2018-04-07,3369,0.307073265940549,0.171822854371689,0.396793626770734,0.0324986032042673,1.08680727245537
"190",2018-04-08,2178,0.146737952028893,0.068929502001358,0.184288569500873,0.0163160885221704,0.512041730552403
"191",2018-04-09,1128,0.0475918234450956,0.0176028193222843,0.0581601418036366,0.0055459763133317,0.163790492407291
"192",2018-04-10,955,0.0357104172964015,0.0125593196347908,0.0434483315974401,0.00419285435438993,0.122622992345958
"193",2018-04-11,848,0.0290749670757574,0.00990392585217299,0.0352834273014596,0.00342890104171626,0.0997054197479925
"194",2018-04-12,808,0.0267399011473608,0.0090007908466448,0.0324196730810207,0.00315850549177492,0.0916542715292147
"195",2018-04-13,758,0.0239353441715976,0.00793951450369599,0.0289870723770457,0.00283260553265351,0.08199436697234
"196",2018-04-14,743,0.0231191041080806,0.00763567220075751,0.0279895137161586,0.00273751401581028,0.079185062630796
"197",2018-04-15,740,0.0229572614887869,0.00757570464021333,0.0277917997626774,0.00271864622415371,0.0786281547668228
"198",2018-04-16,697,0.0206894687274061,0.00674534982289601,0.025024207222017,0.0024537953535942,0.0708286885546256
"199",2018-04-17,817,0.0272582633049214,0.00919978470564746,0.0330549528750279,0.00321860370759594,0.0934409059268717
"200",2018-04-18,857,0.029611405905335,0.010113805984704,0.0359420440010343,0.00349090156995445,0.101556063519781
"201",2018-04-19,810,0.0268547382760145,0.00904480092699434,0.0325603897654503,0.00317182319116415,0.0920500476686357
"202",2018-04-20,748,0.0233898843723079,0.00773621089320783,0.0283203701356099,0.00276907206674703,0.080116916009454
"203",2018-04-21,624,0.0170660841661433,0.00545916556983743,0.0206136542935204,0.00202874084141666,0.0583835403590714
"204",2018-04-22,502,0.0116734488659577,0.00364690638759173,0.0140771851093499,0.00139152125345322,0.0399018621372567
"205",2018-04-23,474,0.0105577969096723,0.00328855281067953,0.0127292653622857,0.00125895780858721,0.0360846658318261
"206",2018-04-24,497,0.0114707985107452,0.00358137405784824,0.0138322304975795,0.00136746125105488,0.039208328216868
"207",2018-04-25,592,0.0155698671698605,0.0049435671789509,0.0187966545012338,0.00185251216543566,0.0532507166508759
"208",2018-04-26,596,0.0157537700644698,0.00500642999925851,0.0190198471253341,0.00187419583173887,0.0538814007135952
"209",2018-04-27,605,0.0161708263107423,0.00514952496801319,0.0195261492646673,0.00192334611161146,0.0553118803663784
"210",2018-04-28,589,0.015432529468076,0.00489671621517241,0.0186300009619818,0.00183631465905121,0.0527797622862469
"211",2018-04-29,500,0.0115922109231495,0.00362061265304575,0.013978982270475,0.00138187716286505,0.0396238312138444
"212",2018-04-30,563,0.0142635625118621,0.0045012578132105,0.017212399632583,0.00169829873234597,0.0487724723574714
"213",2018-05-01,711,0.0214171045444655,0.00700972582314328,0.0259116236417546,0.00253887084658183,0.073330352474845
"214",2018-05-02,582,0.0151140447343035,0.00478838253292147,0.0182436173950812,0.00179873873236195,0.0516877465630293
"215",2018-05-03,564,0.0143078131017312,0.00451611828880587,0.0172660328870637,0.00170352813706365,0.04892412349048
"216",2018-05-04,560,0.0141311532440956,0.00445684339343156,0.0170519288419374,0.00168264867778583,0.0483187129139576
"217",2018-05-05,551,0.0137370156006259,0.00432510013954466,0.0165743847844466,0.00163604313289382,0.0469682039190229
"218",2018-05-06,534,0.0130052510814564,0.00408236207889178,0.0156882587893298,0.0015494317853378,0.0444615373638957
"219",2018-05-07,516,0.0122487260692213,0.00383399029073492,0.0147728291980907,0.00145977586008805,0.0418710445991467
"220",2018-05-08,495,0.0113901536748707,0.00355534947920108,0.013734764743194,0.00135788419314173,0.0389323565093397
"221",2018-05-09,498,0.0115112099980219,0.00359442667659851,0.0138810740406122,0.0013722598507766,0.039346623275061
"222",2018-05-10,507,0.0118775787202841,0.00371311299479852,0.014323979169588,0.00141574833548108,0.0406005339099472
"223",2018-05-11,495,0.0113901536748707,0.00355534947920108,0.013734764743194,0.00135788419314173,0.0389323565093397
"224",2018-05-12,484,0.0109508653915722,0.00341413124909094,0.0132039908346119,0.0013056923598509,0.0374292903917276
"225",2018-05-13,472,0.0104799050443495,0.00326375576926622,0.0126352148768618,0.00124969288685492,0.0358182434979583
"226",2018-05-14,467,0.0102862320026961,0.00320222614119336,0.0124013972634212,0.00122665075401492,0.0351558495950685
"227",2018-05-15,467,0.0102862320026961,0.00320222614119336,0.0124013972634212,0.00122665075401492,0.0351558495950685
"228",2018-05-16,454,0.00978977804467729,0.00304533058060459,0.0118022521997618,0.00116754948559911,0.0334582070535184
"229",2018-05-17,446,0.00948939255446874,0.00295097857229669,0.0114398819242395,0.00113176437569401,0.0324312463999553
"230",2018-05-18,446,0.00948939255446874,0.00295097857229669,0.0114398819242395,0.00113176437569401,0.0324312463999553
"231",2018-05-19,445,0.00945212029153686,0.00293930176695815,0.0113949263794633,0.00112732278299082,0.0323038311509809
"232",2018-05-20,446,0.00948939255446874,0.00295097857229669,0.0114398819242395,0.00113176437569401,0.0324312463999553
"233",2018-05-21,423,0.00864775687628439,0.00268895062456377,0.0104251758131383,0.00103139860373636,0.0295547332404777
"234",2018-05-22,421,0.00857612414140556,0.00266680772474376,0.0103388537439803,0.00102284945753951,0.0293099691157966
"235",2018-05-23,429,0.00886415203555841,0.00275599304537923,0.0106859848964015,0.00105721814950798,0.0302941974716431
"236",2018-05-24,429,0.00886415203555841,0.00275599304537923,0.0106859848964015,0.00105721814950798,0.0302941974716431
"237",2018-05-25,430,0.00890043572533459,0.00276725649694849,0.0107297213483993,0.00106154643374525,0.0304181942478084
"238",2018-05-26,432,0.00897318941136371,0.00278986048000149,0.0108174237902018,0.0010702243920288,0.0306668317354327
"239",2018-05-27,429,0.00886415203555841,0.00275599304537923,0.0106859848964015,0.00105721814950798,0.0302941974716431
"240",2018-05-28,428,0.00882793050771196,0.0027447552603308,0.0106423250173967,0.00105289700429849,0.0301704155278139
"241",2018-05-29,428,0.00882793050771196,0.0027447552603308,0.0106423250173967,0.00105289700429849,0.0301704155278139
"242",2018-05-30,430,0.00890043572533459,0.00276725649694849,0.0107297213483993,0.00106154643374525,0.0304181942478084
"243",2018-05-31,429,0.00886415203555841,0.00275599304537923,0.0106859848964015,0.00105721814950798,0.0302941974716431
"244",2018-06-01,429,0.00886415203555841,0.00275599304537923,0.0106859848964015,0.00105721814950798,0.0302941974716431
"245",2018-06-02,427,0.00879177118677947,0.00273354312163201,0.0105987417568459,0.00104858300495777,0.0300468485572517
"246",2018-06-03,426,0.00875567411787079,0.00272235660904466,0.0105552351603447,0.00104427615834488,0.0299234967012914
"247",2018-06-04,431,0.0089367815321813,0.00277854563514323,0.0107735343280636,0.00106588185018724,0.0305424057157811
"248",2018-06-05,446,0.00948939255446874,0.00295097857229669,0.0114398819242395,0.00113176437569401,0.0324312463999553
"249",2018-06-06,318,0.00523419252164196,0.00166026082540645,0.0063185249345823,0.00062283966550405,0.0179009050760495
"250",2018-06-07,107,0.000750923850372041,0.000323942164007354,0.000932697291229244,8.51052364488577e-05,0.00260576618127384
"251",2018-06-08,108,0.00076360825741841,0.000328261479432619,0.000948052454678238,8.66055369240687e-05,0.00264921744728723
"252",2018-06-09,111,0.000802213550955875,0.000341330288480023,0.00099476690019672,9.11751437980537e-05,0.00278143345420186
"253",2018-06-10,112,0.000815265274757081,0.000345723427859202,0.00101055389673191,9.27211479557617e-05,0.00282612380585936
"254",2018-06-11,112,0.000815265274757081,0.000345723427859202,0.00101055389673191,9.27211479557617e-05,0.00282612380585936
"255",2018-06-12,112,0.000815265274757081,0.000345723427859202,0.00101055389673191,9.27211479557617e-05,0.00282612380585936
"256",2018-06-13,116,0.000868382913370053,0.000363479744678683,0.00107477317935796,9.90183907887679e-05,0.00300795830759166
"257",2018-06-14,120,0.00092294774878855,0.000381529211732047,0.00114069558625262,0.000105495423727811,0.00319467720281345
"258",2018-06-15,125,0.000993169290967648,0.00040450195725017,0.0012254721463135,0.000113841842931212,0.00343488062358516
"259",2018-06-16,130,0.00106560776694837,0.000427930273763146,0.00131286141277203,0.000122463071787984,0.00368257174866362
"260",2018-06-17,130,0.00106560776694837,0.000427930273763146,0.00131286141277203,0.000122463071787984,0.00368257174866362
"261",2018-06-18,131,0.00108035944352262,0.000432670553999524,0.00133065055581267,0.000124220010519047,0.00373300183649853
"262",2018-06-19,131,0.00108035944352262,0.000432670553999524,0.00133065055581267,0.000124220010519047,0.00373300183649853
"263",2018-06-20,129,0.00105094384057918,0.000423208195811276,0.00129517576776085,0.000120716996894898,0.00363243815756198
"264",2018-06-21,125,0.000993169290967648,0.00040450195725017,0.0012254721463135,0.000113841842931212,0.00343488062358516
"265",2018-06-22,125,0.000993169290967648,0.00040450195725017,0.0012254721463135,0.000113841842931212,0.00343488062358516
"266",2018-06-23,125,0.000993169290967648,0.00040450195725017,0.0012254721463135,0.000113841842931212,0.00343488062358516
"267",2018-06-24,124,0.00097894687031431,0.000399870936789472,0.00120830699154837,0.000112150469473278,0.00338623846124742
"268",2018-06-25,125,0.000993169290967648,0.00040450195725017,0.0012254721463135,0.000113841842931212,0.00343488062358516
"269",2018-06-26,125,0.000993169290967648,0.00040450195725017,0.0012254721463135,0.000113841842931212,0.00343488062358516
"270",2018-06-27,125,0.000993169290967648,0.00040450195725017,0.0012254721463135,0.000113841842931212,0.00343488062358516
"271",2018-06-28,126,0.00100748038554211,0.000409151198524711,0.00124274180540954,0.000115544208340107,0.00348382228264688
"272",2018-06-29,125,0.000993169290967648,0.00040450195725017,0.0012254721463135,0.000113841842931212,0.00343488062358516
"273",2018-06-30,125,0.000993169290967648,0.00040450195725017,0.0012254721463135,0.000113841842931212,0.00343488062358516
"274",2018-07-01,125,0.000993169290967648,0.00040450195725017,0.0012254721463135,0.000113841842931212,0.00343488062358516
"275",2018-07-02,125,0.000993169290967648,0.00040450195725017,0.0012254721463135,0.000113841842931212,0.00343488062358516
"276",2018-07-03,128,0.0010363678458936,0.000418504321969316,0.00127759381830985,0.000118981811046824,0.003582601652308
"277",2018-07-04,131,0.00108035944352262,0.000432670553999524,0.00133065055581267,0.000124220010519047,0.00373300183649853
"278",2018-07-05,132,0.00109519869040331,0.000437429035589687,0.00134854300115529,0.000125987788082625,0.00378372783721639
"279",2018-07-06,133,0.00111012532924665,0.000442205718475907,0.00136653855484623,0.000127766379671843,0.00383474917214582
"280",2018-07-07,133,0.00111012532924665,0.000442205718475907,0.00136653855484623,0.000127766379671843,0.00383474917214582
"281",2018-07-08,133,0.00111012532924665,0.000442205718475907,0.00136653855484623,0.000127766379671843,0.00383474917214582
"282",2018-07-09,133,0.00111012532924665,0.000442205718475907,0.00136653855484623,0.000127766379671843,0.00383474917214582
"283",2018-07-10,133,0.00111012532924665,0.000442205718475907,0.00136653855484623,0.000127766379671843,0.00383474917214582
"284",2018-07-11,199,0.0022806743823286,0.000798261053715043,0.00277375204249205,0.000267962874001817,0.00782981021365461
"285",2018-07-12,251,0.00344461464834203,0.00113811031860565,0.00417039760482103,0.000407854042095999,0.0117982966469797
"286",2018-07-13,250,0.00342032844655305,0.00113105353694564,0.00414125840464976,0.000404934498136541,0.0117154967592707
"287",2018-07-14,250,0.00342032844655305,0.00113105353694564,0.00414125840464976,0.000404934498136541,0.0117154967592707
"288",2018-07-15,250,0.00342032844655305,0.00113105353694564,0.00414125840464976,0.000404934498136541,0.0117154967592707
"289",2018-07-16,249,0.0033961153522036,0.0011240177110042,0.0041122070533864,0.000402023727195234,0.0116329462853797
"290",2018-07-17,249,0.0033961153522036,0.0011240177110042,0.0041122070533864,0.000402023727195234,0.0116329462853797
"291",2018-07-18,254,0.00351791105212039,0.0011594067092137,0.00425834141202906,0.000416665188062602,0.0120481900984704
"292",2018-07-19,258,0.00361665799359161,0.00118809716454794,0.00437682436278718,0.000428535457045243,0.0123848569204298
"293",2018-07-20,257,0.00359186239282727,0.00118089282161385,0.00434707268516393,0.000425554846970975,0.0123003186274314
"294",2018-07-21,258,0.00361665799359161,0.00118809716454794,0.00437682436278718,0.000428535457045243,0.0123848569204298
"295",2018-07-22,258,0.00361665799359161,0.00118809716454794,0.00437682436278718,0.000428535457045243,0.0123848569204298
"296",2018-07-23,258,0.00361665799359161,0.00118809716454794,0.00437682436278718,0.000428535457045243,0.0123848569204298
"297",2018-07-24,258,0.00361665799359161,0.00118809716454794,0.00437682436278718,0.000428535457045243,0.0123848569204298
"298",2018-07-25,258,0.00361665799359161,0.00118809716454794,0.00437682436278718,0.000428535457045243,0.0123848569204298
"299",2018-07-26,258,0.00361665799359161,0.00118809716454794,0.00437682436278718,0.000428535457045243,0.0123848569204298
"300",2018-07-27,310,0.00500403598074712,0.00159266011044344,0.00604211057994758,0.000595213973752464,0.0171158442691316
"301",2018-07-28,346,0.00607385271744424,0.00190854423381274,0.00732740901577383,0.000723546876668357,0.0207656497611805
"302",2018-07-29,346,0.00607385271744424,0.00190854423381274,0.00732740901577383,0.000723546876668357,0.0207656497611805
"303",2018-07-30,347,0.00610481101890562,0.00191775242700487,0.00736462134194812,0.0007272575006992,0.0208712944169913
"304",2018-07-31,347,0.00610481101890562,0.00191775242700487,0.00736462134194812,0.0007272575006992,0.0208712944169913
"305",2018-08-01,347,0.00610481101890562,0.00191775242700487,0.00736462134194812,0.0007272575006992,0.0208712944169913
"306",2018-08-02,346,0.00607385271744424,0.00190854423381274,0.00732740901577383,0.000723546876668357,0.0207656497611805
"307",2018-08-03,346,0.00607385271744424,0.00190854423381274,0.00732740901577383,0.000723546876668357,0.0207656497611805
"308",2018-08-04,345,0.00604296080767545,0.00189935979243631,0.00729027757088208,0.000719844030335749,0.0206602332338435
"309",2018-08-05,344,0.00601213534770554,0.00189019907673719,0.00725322706691375,0.000716148970411126,0.0205550450182491
"310",2018-08-06,344,0.00601213534770554,0.00189019907673719,0.00725322706691375,0.000716148970411126,0.0205550450182491
"311",2018-08-07,343,0.00598137639584054,0.00188106206050358,0.00721625756372663,0.000712461705632448,0.0204500852983125
"312",2018-08-08,295,0.00458435644110021,0.001469824197317,0.00553820963816047,0.000544818873970701,0.0156845073175123
"313",2018-08-09,268,0.00386858481704926,0.00126131195301532,0.00467912039636543,0.000458816722361448,0.0132437981897794
"314",2018-08-10,268,0.00386858481704926,0.00126131195301532,0.00467912039636543,0.000458816722361448,0.0132437981897794
"315",2018-08-11,268,0.00386858481704926,0.00126131195301532,0.00467912039636543,0.000458816722361448,0.0132437981897794
"316",2018-08-12,266,0.00381762380867275,0.00124649787325152,0.00461796804141997,0.000452691638134595,0.0130700439499417
"317",2018-08-13,265,0.00379225095878833,0.00123912302686757,0.00458752153792427,0.000449641960839101,0.0129835345656956
"318",2018-08-14,264,0.00376694998397577,0.00123176960168621,0.00455716159394661,0.000446600875619985,0.0128972706740504
"319",2018-08-15,183,0.00196433035923054,0.000704445533255645,0.00239393585728923,0.000229985877632464,0.00675087330027986
"320",2018-08-16,127,0.00102187996597584,0.000413818654979687,0.00126011576378322,0.000117257539655425,0.00353306282736746
"321",2018-08-17,127,0.00102187996597584,0.000413818654979687,0.00126011576378322,0.000117257539655425,0.00353306282736746
"322",2018-08-18,127,0.00102187996597584,0.000413818654979687,0.00126011576378322,0.000117257539655425,0.00353306282736746
"323",2018-08-19,127,0.00102187996597584,0.000413818654979687,0.00126011576378322,0.000117257539655425,0.00353306282736746
"324",2018-08-20,127,0.00102187996597584,0.000413818654979687,0.00126011576378322,0.000117257539655425,0.00353306282736746
"325",2018-08-21,127,0.00102187996597584,0.000413818654979687,0.00126011576378322,0.000117257539655425,0.00353306282736746
"326",2018-08-22,129,0.00105094384057918,0.000423208195811276,0.00129517576776085,0.000120716996894898,0.00363243815756198
"327",2018-08-23,129,0.00105094384057918,0.000423208195811276,0.00129517576776085,0.000120716996894898,0.00363243815756198
"328",2018-08-24,129,0.00105094384057918,0.000423208195811276,0.00129517576776085,0.000120716996894898,0.00363243815756198
"329",2018-08-25,129,0.00105094384057918,0.000423208195811276,0.00129517576776085,0.000120716996894898,0.00363243815756198
"330",2018-08-26,129,0.00105094384057918,0.000423208195811276,0.00129517576776085,0.000120716996894898,0.00363243815756198
"331",2018-08-27,129,0.00105094384057918,0.000423208195811276,0.00129517576776085,0.000120716996894898,0.00363243815756198
"332",2018-08-28,126,0.00100748038554211,0.000409151198524711,0.00124274180540954,0.000115544208340107,0.00348382228264688
"333",2018-08-29,124,0.00097894687031431,0.000399870936789472,0.00120830699154837,0.000112150469473278,0.00338623846124742
"334",2018-08-30,128,0.0010363678458936,0.000418504321969316,0.00127759381830985,0.000118981811046824,0.003582601652308
"335",2018-08-31,137,0.00117070229042892,0.000461494491211377,0.00143954803450994,0.000134988396936349,0.00404177645720755
"336",2018-09-01,137,0.00117070229042892,0.000461494491211377,0.00143954803450994,0.000134988396936349,0.00404177645720755
"337",2018-09-02,137,0.00117070229042892,0.000461494491211377,0.00143954803450994,0.000134988396936349,0.00404177645720755
"338",2018-09-03,137,0.00117070229042892,0.000461494491211377,0.00143954803450994,0.000134988396936349,0.00404177645720755
"339",2018-09-04,136,0.00115542783692471,0.000456644986987782,0.00142114195247962,0.000133166793442504,0.0039895794714394
"340",2018-09-05,123,0.000964813313358949,0.000395258143788517,0.00119124654812933,0.000110470114228378,0.00333789641242122
"341",2018-09-06,113,0.000828408284691539,0.000350134963500767,0.00102644825519755,9.42785037650038e-05,0.00287112215742809
"342",2018-09-07,114,0.000841642367912118,0.000354564874389598,0.00104244974209788,9.58471820627781e-05,0.00291642781497406
"343",2018-09-08,114,0.000841642367912118,0.000354564874389598,0.00104244974209788,9.58471820627781e-05,0.00291642781497406
"344",2018-09-09,113,0.000828408284691539,0.000350134963500767,0.00102644825519755,9.42785037650038e-05,0.00287112215742809
"345",2018-09-10,114,0.000841642367912118,0.000354564874389598,0.00104244974209788,9.58471820627781e-05,0.00291642781497406
"346",2018-09-11,114,0.000841642367912118,0.000354564874389598,0.00104244974209788,9.58471820627781e-05,0.00291642781497406
"347",2018-09-12,113,0.000828408284691539,0.000350134963500767,0.00102644825519755,9.42785037650038e-05,0.00287112215742809
"348",2018-09-13,113,0.000828408284691539,0.000350134963500767,0.00102644825519755,9.42785037650038e-05,0.00287112215742809
"349",2018-09-14,113,0.000828408284691539,0.000350134963500767,0.00102644825519755,9.42785037650038e-05,0.00287112215742809
"350",2018-09-15,113,0.000828408284691539,0.000350134963500767,0.00102644825519755,9.42785037650038e-05,0.00287112215742809
"351",2018-09-16,113,0.000828408284691539,0.000350134963500767,0.00102644825519755,9.42785037650038e-05,0.00287112215742809
"352",2018-09-17,112,0.000815265274757081,0.000345723427859202,0.00101055389673191,9.27211479557617e-05,0.00282612380585936
"353",2018-09-18,93.7,0.00059109750787584,0.000268270382707786,0.000738898214738644,6.62573531160149e-05,0.00205779177390675
"354",2018-09-19,75.4,0.000398977533077705,0.000197226788289078,0.000504827685036463,4.37950356672512e-05,0.00139743882647033
"355",2018-09-20,88.2,0.000529913442751795,0.000246228155151143,0.000664515843578532,5.9075799674901e-05,0.00184773070180056
"356",2018-09-21,82.7,0.000471666793554292,0.000224773387710841,0.0005935756372279,5.22614266430815e-05,0.0016475628001591
"357",2018-09-22,82.6,0.000470635248084491,0.000224388814407317,0.000592318005339816,5.2140966941786e-05,0.00164401592763444
"358",2018-09-23,82.8,0.000472699325926357,0.000225158159380893,0.000594834424686088,5.23820098341558e-05,0.00165111299530938
"359",2018-09-24,82.6,0.000470635248084491,0.000224388814407317,0.000592318005339816,5.2140966941786e-05,0.00164401592763444
"360",2018-09-25,82.7,0.000471666793554292,0.000224773387710841,0.0005935756372279,5.22614266430815e-05,0.0016475628001591
"361",2018-09-26,82.6,0.000470635248084491,0.000224388814407317,0.000592318005339816,5.2140966941786e-05,0.00164401592763444
"362",2018-09-27,82.5,0.000469604689817704,0.000224004439555942,0.000591061529357634,5.20206307700637e-05,0.00164047237872598
"363",2018-09-28,82.5,0.000469604689817704,0.000224004439555942,0.000591061529357634,5.20206307700637e-05,0.00164047237872598
"364",2018-09-29,82.6,0.000470635248084491,0.000224388814407317,0.000592318005339816,5.2140966941786e-05,0.00164401592763444
"365",2018-09-30,82.5,0.000469604689817704,0.000224004439555942,0.000591061529357634,5.20206307700637e-05,0.00164047237872598
